tic,angle,health,momx,momy,weapon,ray0,ray1,ray2,ray3,ray4,ray5,ray6,ray7,ray8,ray9,ray10,ray11,ray12,ray13,ray14,ray15,m0_dx,m0_dy,m0_present,m1_dx,m1_dy,m1_present,m2_dx,m2_dy,m2_present,last_fwd,last_side,last_turn,last_fire,last_use,cmd_fwd,cmd_side,cmd_turn,cmd_buttons
0,0.2500,35,0.00,0.00,1.00,1200.0,467.5,135.8,103.9,96.0,103.9,113.2,86.6,80.0,121.2,113.1,173.2,160.0,173.2,950.0,467.7,-208.0,192.0,1.0,-272.0,-224.0,1.0,-336.0,-480.0,1.0,1.0,1.0,2.0,0.0,0.0,0,0,0,0
1,0.2500,35,0.00,0.00,1.00,1200.0,467.5,135.8,103.9,96.0,103.9,113.2,86.6,80.0,121.2,113.1,173.2,160.0,173.2,950.0,467.7,-208.0,192.0,1.0,-272.0,-224.0,1.0,-336.0,-480.0,1.0,1.0,1.0,2.0,0.0,0.0,0,0,0,0
2,0.2500,35,0.00,0.00,1.00,1200.0,467.5,135.8,103.9,96.0,103.9,113.2,86.6,80.0,121.2,113.1,173.2,160.0,173.2,950.0,467.7,-208.0,192.0,1.0,-272.0,-224.0,1.0,-336.0,-480.0,1.0,1.0,1.0,2.0,0.0,0.0,0,0,0,0
3,0.2500,35,0.00,0.00,1.00,1200.0,467.5,135.8,103.9,96.0,103.9,113.2,86.6,80.0,121.2,113.1,173.2,160.0,173.2,950.0,467.7,-208.0,192.0,1.0,-272.0,-224.0,1.0,-336.0,-480.0,1.0,1.0,1.0,2.0,0.0,0.0,0,0,0,0
4,0.2500,35,0.00,0.00,1.00,1200.0,467.5,135.8,103.9,96.0,103.9,113.2,86.6,80.0,121.2,113.1,173.2,160.0,173.2,950.0,467.7,-208.0,192.0,1.0,-272.0,-224.0,1.0,-336.0,-480.0,1.0,1.0,1.0,2.0,0.0,0.0,0,0,0,0
5,0.2500,35,0.00,0.00,1.00,1200.0,467.5,135.8,103.9,96.0,103.9,113.2,86.6,80.0,121.2,113.1,173.2,160.0,173.2,950.0,467.7,-208.0,192.0,1.0,-272.0,-224.0,1.0,-336.0,-480.0,1.0,1.0,1.0,2.0,0.0,0.0,0,0,0,0
6,0.2500,35,0.00,0.00,1.00,1200.0,467.5,135.8,103.9,96.0,103.9,113.2,86.6,80.0,121.2,113.1,173.2,160.0,173.2,950.0,467.7,-208.0,192.0,1.0,-272.0,-224.0,1.0,-336.0,-480.0,1.0,1.0,1.0,2.0,0.0,0.0,0,0,0,0
7,0.2500,35,0.00,0.00,1.00,1200.0,467.5,135.8,103.9,96.0,103.9,113.2,86.6,80.0,121.2,113.1,173.2,160.0,173.2,950.0,467.7,-208.0,192.0,1.0,-272.0,-224.0,1.0,-336.0,-480.0,1.0,1.0,1.0,2.0,0.0,0.0,0,0,0,0
8,0.2500,35,0.00,0.00,1.00,1200.0,467.5,135.8,103.9,96.0,103.9,113.2,86.6,80.0,121.2,113.1,173.2,160.0,173.2,950.0,467.7,-208.0,192.0,1.0,-272.0,-224.0,1.0,-336.0,-480.0,1.0,1.0,1.0,2.0,0.0,0.0,0,0,0,0
9,0.2500,35,0.00,0.00,1.00,1200.0,467.5,135.8,103.9,96.0,103.9,113.2,86.6,80.0,121.2,113.1,173.2,160.0,173.2,950.0,467.7,-208.0,192.0,1.0,-272.0,-224.0,1.0,-336.0,-480.0,1.0,1.0,1.0,2.0,0.0,0.0,0,0,0,0
10,0.2500,35,0.00,0.00,1.00,1200.0,467.5,135.8,103.9,96.0,103.9,113.2,86.6,80.0,121.2,113.1,173.2,160.0,173.2,950.0,467.7,-208.0,192.0,1.0,-272.0,-224.0,1.0,-336.0,-480.0,1.0,1.0,1.0,2.0,0.0,0.0,0,0,0,0
11,0.2500,35,0.00,0.00,1.00,1200.0,467.5,135.8,103.9,96.0,103.9,113.2,86.6,80.0,121.2,113.1,173.2,160.0,173.2,950.0,467.7,-208.0,192.0,1.0,-272.0,-224.0,1.0,-336.0,-480.0,1.0,1.0,1.0,2.0,0.0,0.0,0,0,0,0
12,0.2500,35,0.00,0.00,1.00,1200.0,467.5,135.8,103.9,96.0,103.9,113.2,86.6,80.0,121.2,113.1,173.2,160.0,173.2,950.0,467.7,-208.0,192.0,1.0,-272.0,-224.0,1.0,-336.0,-480.0,1.0,1.0,1.0,2.0,0.0,0.0,0,0,0,0
13,0.2500,35,0.00,0.00,1.00,1200.0,467.5,135.8,103.9,96.0,103.9,113.2,86.6,80.0,121.2,113.1,173.2,160.0,173.2,950.0,467.7,-208.0,192.0,1.0,-272.0,-224.0,1.0,-336.0,-480.0,1.0,1.0,1.0,2.0,0.0,0.0,0,0,0,0
14,0.2500,35,0.00,0.00,1.00,1200.0,467.5,135.8,103.9,96.0,103.9,113.2,86.6,80.0,121.2,113.1,173.2,160.0,173.2,950.0,467.7,-208.0,192.0,1.0,-272.0,-224.0,1.0,-336.0,-480.0,1.0,1.0,1.0,2.0,0.0,0.0,0,0,0,0
15,0.2500,35,0.00,0.00,1.00,1200.0,467.5,135.8,103.9,96.0,103.9,113.2,86.6,80.0,121.2,113.1,173.2,160.0,173.2,950.0,467.7,-208.0,192.0,1.0,-272.0,-224.0,1.0,-336.0,-480.0,1.0,1.0,1.0,2.0,0.0,0.0,0,0,0,0
16,0.2500,35,0.00,0.00,1.00,1200.0,467.5,135.8,103.9,96.0,103.9,113.2,86.6,80.0,121.2,113.1,173.2,160.0,173.2,950.0,467.7,-208.0,192.0,1.0,-272.0,-224.0,1.0,-336.0,-480.0,1.0,1.0,1.0,2.0,0.0,0.0,0,0,0,0
17,0.2500,35,0.00,0.00,1.00,1200.0,467.5,135.8,103.9,96.0,103.9,113.2,86.6,80.0,121.2,113.1,173.2,160.0,173.2,950.0,467.7,-208.0,192.0,1.0,-272.0,-224.0,1.0,-336.0,-480.0,1.0,1.0,1.0,2.0,0.0,0.0,0,0,0,0
18,0.2500,35,0.00,0.00,1.00,1200.0,467.5,135.8,103.9,96.0,103.9,113.2,86.6,80.0,121.2,113.1,173.2,160.0,173.2,950.0,467.7,-208.0,192.0,1.0,-272.0,-224.0,1.0,-336.0,-480.0,1.0,1.0,1.0,2.0,0.0,0.0,0,0,0,0
19,0.2500,35,0.00,0.00,1.00,1200.0,467.5,135.8,103.9,96.0,103.9,113.2,86.6,80.0,121.2,113.1,173.2,160.0,173.2,950.0,467.7,-208.0,192.0,1.0,-272.0,-224.0,1.0,-336.0,-480.0,1.0,1.0,1.0,2.0,0.0,0.0,0,0,0,0
20,0.2500,35,0.00,0.00,1.00,1200.0,467.5,135.8,103.9,96.0,103.9,113.2,86.6,80.0,121.2,113.1,173.2,160.0,173.2,950.0,467.7,-208.0,192.0,1.0,-272.0,-224.0,1.0,-336.0,-480.0,1.0,1.0,1.0,2.0,0.0,0.0,0,0,0,0
21,0.2500,35,0.00,0.00,1.00,1200.0,467.5,135.8,103.9,96.0,103.9,113.2,86.6,80.0,121.2,113.1,173.2,160.0,173.2,950.0,467.7,-208.0,192.0,1.0,-272.0,-224.0,1.0,-336.0,-480.0,1.0,1.0,1.0,2.0,0.0,0.0,0,0,0,0
22,0.2500,35,0.00,0.00,1.00,1200.0,467.5,135.8,103.9,96.0,103.9,113.2,86.6,80.0,121.2,113.1,173.2,160.0,173.2,950.0,467.7,-208.0,192.0,1.0,-272.0,-224.0,1.0,-336.0,-480.0,1.0,1.0,1.0,2.0,0.0,0.0,0,0,0,0
23,0.2500,35,0.00,0.00,1.00,1200.0,467.5,135.8,103.9,96.0,103.9,113.2,86.6,80.0,121.2,113.1,173.2,160.0,173.2,950.0,467.7,-208.0,192.0,1.0,-272.0,-224.0,1.0,-336.0,-480.0,1.0,1.0,1.0,2.0,0.0,0.0,0,0,0,0
24,0.2500,35,0.00,0.00,1.00,1200.0,467.5,135.8,103.9,96.0,103.9,113.2,86.6,80.0,121.2,113.1,173.2,160.0,173.2,950.0,467.7,-208.0,192.0,1.0,-272.0,-224.0,1.0,-336.0,-480.0,1.0,1.0,1.0,2.0,0.0,0.0,0,0,0,0
25,0.2500,35,0.00,0.00,1.00,1200.0,467.5,135.8,103.9,96.0,103.9,113.2,86.6,80.0,121.2,113.1,173.2,160.0,173.2,950.0,467.7,-208.0,192.0,1.0,-272.0,-224.0,1.0,-336.0,-480.0,1.0,1.0,1.0,2.0,0.0,0.0,0,0,0,0
26,0.2500,35,0.00,0.00,1.00,1200.0,467.5,135.8,103.9,96.0,103.9,113.2,86.6,80.0,121.2,113.1,173.2,160.0,173.2,950.0,467.7,-208.0,192.0,1.0,-272.0,-224.0,1.0,-336.0,-480.0,1.0,1.0,1.0,2.0,0.0,0.0,0,0,0,0
27,0.2500,35,0.00,0.00,1.00,1200.0,467.5,135.8,103.9,96.0,103.9,113.2,86.6,80.0,121.2,113.1,173.2,160.0,173.2,950.0,467.7,-208.0,192.0,1.0,-272.0,-224.0,1.0,-336.0,-480.0,1.0,1.0,1.0,2.0,0.0,0.0,0,0,0,0
28,0.2500,35,0.00,0.00,1.00,1200.0,467.5,135.8,103.9,96.0,103.9,113.2,86.6,80.0,121.2,113.1,173.2,160.0,173.2,950.0,467.7,-208.0,192.0,1.0,-272.0,-224.0,1.0,-336.0,-480.0,1.0,1.0,1.0,2.0,0.0,0.0,0,0,0,0
29,0.2500,35,0.00,0.00,1.00,1200.0,467.5,135.8,103.9,96.0,103.9,113.2,86.6,80.0,121.2,113.1,173.2,160.0,173.2,950.0,467.7,-208.0,192.0,1.0,-272.0,-224.0,1.0,-336.0,-480.0,1.0,1.0,1.0,2.0,0.0,0.0,0,0,0,0
30,0.2500,35,0.00,0.00,1.00,1200.0,467.5,135.8,103.9,96.0,103.9,113.2,86.6,80.0,121.2,113.1,173.2,160.0,173.2,950.0,467.7,-208.0,192.0,1.0,-272.0,-224.0,1.0,-336.0,-480.0,1.0,1.0,1.0,2.0,0.0,0.0,0,0,0,0
31,0.2500,35,0.00,0.00,1.00,1200.0,467.5,135.8,103.9,96.0,103.9,113.2,86.6,80.0,121.2,113.1,173.2,160.0,173.2,950.0,467.7,-208.0,192.0,1.0,-272.0,-224.0,1.0,-336.0,-480.0,1.0,1.0,1.0,2.0,0.0,0.0,0,0,0,0
32,0.2500,35,0.00,0.00,1.00,1200.0,467.5,135.8,103.9,96.0,103.9,113.2,86.6,80.0,121.2,113.1,173.2,160.0,173.2,950.0,467.7,-208.0,192.0,1.0,-272.0,-224.0,1.0,-336.0,-480.0,1.0,1.0,1.0,2.0,0.0,0.0,0,0,0,0
33,0.2500,35,0.00,0.00,1.00,1200.0,467.5,135.8,103.9,96.0,103.9,113.2,86.6,80.0,121.2,113.1,173.2,160.0,173.2,950.0,467.7,-208.0,192.0,1.0,-272.0,-224.0,1.0,-336.0,-480.0,1.0,1.0,1.0,2.0,0.0,0.0,0,0,0,0
34,0.2500,35,0.00,0.00,1.00,1200.0,467.5,135.8,103.9,96.0,103.9,113.2,86.6,80.0,121.2,113.1,173.2,160.0,173.2,950.0,467.7,-208.0,192.0,1.0,-272.0,-224.0,1.0,-336.0,-480.0,1.0,1.0,1.0,2.0,0.0,0.0,0,0,0,0
35,0.2500,35,0.00,0.00,1.00,1200.0,467.5,135.8,103.9,96.0,103.9,113.2,86.6,80.0,121.2,113.1,173.2,160.0,173.2,950.0,467.7,-208.0,192.0,1.0,-272.0,-224.0,1.0,-336.0,-480.0,1.0,1.0,1.0,2.0,0.0,0.0,0,0,0,0
36,0.2500,35,0.00,0.00,1.00,1200.0,467.5,135.8,103.9,96.0,103.9,113.2,86.6,80.0,121.2,113.1,173.2,160.0,173.2,950.0,467.7,-208.0,192.0,1.0,-272.0,-224.0,1.0,-336.0,-480.0,1.0,1.0,1.0,2.0,0.0,0.0,0,0,0,0
37,0.2500,35,0.00,0.00,1.00,1200.0,467.5,135.8,103.9,96.0,103.9,113.2,86.6,80.0,121.2,113.1,173.2,160.0,173.2,950.0,467.7,-208.0,192.0,1.0,-272.0,-224.0,1.0,-336.0,-480.0,1.0,1.0,1.0,2.0,0.0,0.0,0,0,0,0
38,0.2500,35,0.00,0.00,1.00,1200.0,467.5,135.8,103.9,96.0,103.9,113.2,86.6,80.0,121.2,113.1,173.2,160.0,173.2,950.0,467.7,-208.0,192.0,1.0,-272.0,-224.0,1.0,-336.0,-480.0,1.0,1.0,1.0,2.0,0.0,0.0,0,0,0,0
39,0.2500,35,0.00,0.00,1.00,1200.0,467.5,135.8,103.9,96.0,103.9,113.2,86.6,80.0,121.2,113.1,173.2,160.0,173.2,950.0,467.7,-208.0,192.0,1.0,-272.0,-224.0,1.0,-336.0,-480.0,1.0,1.0,1.0,2.0,0.0,0.0,0,0,0,0
40,0.2500,35,0.00,0.00,1.00,1200.0,467.5,135.8,103.9,96.0,103.9,113.2,86.6,80.0,121.2,113.1,173.2,160.0,173.2,950.0,467.7,-208.0,192.0,1.0,-272.0,-224.0,1.0,-336.0,-480.0,1.0,1.0,1.0,2.0,0.0,0.0,0,0,0,0
41,0.2500,35,0.00,0.00,1.00,1200.0,467.5,135.8,103.9,96.0,103.9,113.2,86.6,80.0,121.2,113.1,173.2,160.0,173.2,950.0,467.7,-208.0,192.0,1.0,-272.0,-224.0,1.0,-336.0,-480.0,1.0,1.0,1.0,2.0,0.0,0.0,0,0,0,0
42,0.2500,35,0.00,0.00,1.00,1200.0,467.5,135.8,103.9,96.0,103.9,113.2,86.6,80.0,121.2,113.1,173.2,160.0,173.2,950.0,467.7,-208.0,192.0,1.0,-272.0,-224.0,1.0,-336.0,-480.0,1.0,1.0,1.0,2.0,0.0,0.0,0,0,0,0
43,0.2500,35,0.00,0.00,1.00,1200.0,467.5,135.8,103.9,96.0,103.9,113.2,86.6,80.0,121.2,113.1,173.2,160.0,173.2,950.0,467.7,-208.0,192.0,1.0,-272.0,-224.0,1.0,-336.0,-480.0,1.0,1.0,1.0,2.0,0.0,0.0,0,0,0,0
44,0.2500,35,0.00,0.00,1.00,1200.0,467.5,135.8,103.9,96.0,103.9,113.2,86.6,80.0,121.2,113.1,173.2,160.0,173.2,950.0,467.7,-208.0,192.0,1.0,-272.0,-224.0,1.0,-336.0,-480.0,1.0,1.0,1.0,2.0,0.0,0.0,0,0,0,0
45,0.2500,35,0.00,0.00,1.00,1200.0,467.5,135.8,103.9,96.0,103.9,113.2,86.6,80.0,121.2,113.1,173.2,160.0,173.2,950.0,467.7,-208.0,192.0,1.0,-272.0,-224.0,1.0,-336.0,-480.0,1.0,1.0,1.0,2.0,0.0,0.0,0,0,0,0
46,0.2500,35,0.00,0.00,1.00,1200.0,467.5,135.8,103.9,96.0,103.9,113.2,86.6,80.0,121.2,113.1,173.2,160.0,173.2,950.0,467.7,-208.0,192.0,1.0,-272.0,-224.0,1.0,-336.0,-480.0,1.0,1.0,1.0,2.0,0.0,0.0,0,0,0,0
47,0.2500,35,0.00,0.00,1.00,1200.0,467.5,135.8,103.9,96.0,103.9,113.2,86.6,80.0,121.2,113.1,173.2,160.0,173.2,950.0,467.7,-208.0,192.0,1.0,-272.0,-224.0,1.0,-336.0,-480.0,1.0,1.0,1.0,2.0,0.0,0.0,0,0,0,0
48,0.2500,35,0.00,0.00,1.00,1200.0,467.5,135.8,103.9,96.0,103.9,113.2,86.6,80.0,121.2,113.1,173.2,160.0,173.2,950.0,467.7,-208.0,192.0,1.0,-272.0,-224.0,1.0,-336.0,-480.0,1.0,1.0,1.0,2.0,0.0,0.0,0,0,0,0
49,0.2500,35,0.00,0.00,1.00,1200.0,467.5,135.8,103.9,96.0,103.9,113.2,86.6,80.0,121.2,113.1,173.2,160.0,173.2,950.0,467.7,-208.0,192.0,1.0,-272.0,-224.0,1.0,-336.0,-480.0,1.0,1.0,1.0,2.0,0.0,0.0,0,0,0,0
50,0.2500,35,0.00,0.00,1.00,1200.0,467.5,135.8,103.9,96.0,103.9,113.2,86.6,80.0,121.2,113.1,173.2,160.0,173.2,950.0,467.7,-208.0,192.0,1.0,-272.0,-224.0,1.0,-336.0,-480.0,1.0,1.0,1.0,2.0,0.0,0.0,0,0,0,0
51,0.2500,35,0.00,0.00,1.00,1200.0,467.5,135.8,103.9,96.0,103.9,113.2,86.6,80.0,121.2,113.1,173.2,160.0,173.2,950.0,467.7,-208.0,192.0,1.0,-272.0,-224.0,1.0,-336.0,-480.0,1.0,1.0,1.0,2.0,0.0,0.0,0,0,0,0
52,0.2500,35,0.00,0.00,1.00,1200.0,467.5,135.8,103.9,96.0,103.9,113.2,86.6,80.0,121.2,113.1,173.2,160.0,173.2,950.0,467.7,-208.0,192.0,1.0,-272.0,-224.0,1.0,-336.0,-480.0,1.0,1.0,1.0,2.0,0.0,0.0,0,0,0,0
53,0.2500,35,0.00,0.00,1.00,1200.0,467.5,135.8,103.9,96.0,103.9,113.2,86.6,80.0,121.2,113.1,173.2,160.0,173.2,950.0,467.7,-208.0,192.0,1.0,-272.0,-224.0,1.0,-336.0,-480.0,1.0,1.0,1.0,2.0,0.0,0.0,0,0,0,0
54,0.2500,35,0.00,0.00,1.00,1200.0,467.5,135.8,103.9,96.0,103.9,113.2,86.6,80.0,121.2,113.1,173.2,160.0,173.2,950.0,467.7,-208.0,192.0,1.0,-272.0,-224.0,1.0,-336.0,-480.0,1.0,1.0,1.0,2.0,0.0,0.0,0,0,0,0
55,0.2500,35,0.00,0.00,1.00,1200.0,467.5,135.8,103.9,96.0,103.9,113.2,86.6,80.0,121.2,113.1,173.2,160.0,173.2,950.0,467.7,-208.0,192.0,1.0,-272.0,-224.0,1.0,-336.0,-480.0,1.0,1.0,1.0,2.0,0.0,0.0,0,0,0,0
56,0.2500,35,0.00,0.00,1.00,1200.0,467.5,135.8,103.9,96.0,103.9,113.2,86.6,80.0,121.2,113.1,173.2,160.0,173.2,950.0,467.7,-208.0,192.0,1.0,-272.0,-224.0,1.0,-336.0,-480.0,1.0,1.0,1.0,2.0,0.0,0.0,0,0,0,0
57,0.2500,35,0.00,0.00,1.00,1200.0,467.5,135.8,103.9,96.0,103.9,113.2,86.6,80.0,121.2,113.1,173.2,160.0,173.2,950.0,467.7,-208.0,192.0,1.0,-272.0,-224.0,1.0,-336.0,-480.0,1.0,1.0,1.0,2.0,0.0,0.0,0,0,0,0
58,0.2500,35,0.00,0.00,1.00,1200.0,467.5,135.8,103.9,96.0,103.9,113.2,86.6,80.0,121.2,113.1,173.2,160.0,173.2,950.0,467.7,-208.0,192.0,1.0,-272.0,-224.0,1.0,-336.0,-480.0,1.0,1.0,1.0,2.0,0.0,0.0,0,0,0,0
59,0.2500,35,0.00,0.00,1.00,1200.0,467.5,135.8,103.9,96.0,103.9,113.2,86.6,80.0,121.2,113.1,173.2,160.0,173.2,950.0,467.7,-208.0,192.0,1.0,-272.0,-224.0,1.0,-336.0,-480.0,1.0,1.0,1.0,2.0,0.0,0.0,0,0,0,0
60,0.2500,35,0.00,0.00,1.00,1200.0,467.5,135.8,103.9,96.0,103.9,113.2,86.6,80.0,121.2,113.1,173.2,160.0,173.2,950.0,467.7,-208.0,192.0,1.0,-272.0,-224.0,1.0,-336.0,-480.0,1.0,1.0,1.0,2.0,0.0,0.0,0,0,0,0
61,0.2500,35,0.00,0.00,1.00,1200.0,467.5,135.8,103.9,96.0,103.9,113.2,86.6,80.0,121.2,113.1,173.2,160.0,173.2,950.0,467.7,-208.0,192.0,1.0,-272.0,-224.0,1.0,-336.0,-480.0,1.0,1.0,1.0,2.0,0.0,0.0,0,0,0,0
62,0.2500,35,0.00,0.00,1.00,1200.0,467.5,135.8,103.9,96.0,103.9,113.2,86.6,80.0,121.2,113.1,173.2,160.0,173.2,950.0,467.7,-208.0,192.0,1.0,-272.0,-224.0,1.0,-336.0,-480.0,1.0,1.0,1.0,2.0,0.0,0.0,0,0,0,0
63,0.2500,35,0.00,0.00,1.00,1200.0,467.5,135.8,103.9,96.0,103.9,113.2,86.6,80.0,121.2,113.1,173.2,160.0,173.2,950.0,467.7,-208.0,192.0,1.0,-272.0,-224.0,1.0,-336.0,-480.0,1.0,1.0,1.0,2.0,0.0,0.0,0,0,0,0
64,0.2500,35,0.00,0.00,1.00,1200.0,467.5,135.8,103.9,96.0,103.9,113.2,86.6,80.0,121.2,113.1,173.2,160.0,173.2,950.0,467.7,-208.0,192.0,1.0,-272.0,-224.0,1.0,-336.0,-480.0,1.0,1.0,1.0,2.0,0.0,0.0,0,0,0,0
65,0.2500,35,0.00,0.00,1.00,1200.0,467.5,135.8,103.9,96.0,103.9,113.2,86.6,80.0,121.2,113.1,173.2,160.0,173.2,950.0,467.7,-208.0,192.0,1.0,-272.0,-224.0,1.0,-336.0,-480.0,1.0,1.0,1.0,2.0,0.0,0.0,0,0,0,0
66,0.2500,35,0.00,0.00,1.00,1200.0,467.5,135.8,103.9,96.0,103.9,113.2,86.6,80.0,121.2,113.1,173.2,160.0,173.2,950.0,467.7,-208.0,192.0,1.0,-272.0,-224.0,1.0,-336.0,-480.0,1.0,1.0,1.0,2.0,0.0,0.0,0,0,0,0
67,0.2500,35,0.00,0.00,1.00,1200.0,467.5,135.8,103.9,96.0,103.9,113.2,86.6,80.0,121.2,113.1,173.2,160.0,173.2,950.0,467.7,-208.0,192.0,1.0,-272.0,-224.0,1.0,-336.0,-480.0,1.0,1.0,1.0,2.0,0.0,0.0,0,0,0,0
68,0.2500,35,0.00,0.00,1.00,1200.0,467.5,135.8,103.9,96.0,103.9,113.2,86.6,80.0,121.2,113.1,173.2,160.0,173.2,950.0,467.7,-208.0,192.0,1.0,-272.0,-224.0,1.0,-336.0,-480.0,1.0,1.0,1.0,2.0,0.0,0.0,0,0,0,0
69,0.2500,35,0.00,0.00,1.00,1200.0,467.5,135.8,103.9,96.0,103.9,113.2,86.6,80.0,121.2,113.1,173.2,160.0,173.2,950.0,467.7,-208.0,192.0,1.0,-272.0,-224.0,1.0,-336.0,-480.0,1.0,1.0,1.0,2.0,0.0,0.0,0,0,0,0
70,0.2500,35,0.00,0.00,1.00,1200.0,467.5,135.8,103.9,96.0,103.9,113.2,86.6,80.0,121.2,113.1,173.2,160.0,173.2,950.0,467.7,-208.0,192.0,1.0,-272.0,-224.0,1.0,-336.0,-480.0,1.0,1.0,1.0,2.0,0.0,0.0,0,0,0,0
71,0.2500,35,0.00,0.00,1.00,1200.0,467.5,135.8,103.9,96.0,103.9,113.2,86.6,80.0,121.2,113.1,173.2,160.0,173.2,950.0,467.7,-208.0,192.0,1.0,-272.0,-224.0,1.0,-336.0,-480.0,1.0,1.0,1.0,2.0,0.0,0.0,0,0,0,0
72,0.2500,35,0.00,0.00,1.00,1200.0,467.5,135.8,103.9,96.0,103.9,113.2,86.6,80.0,121.2,113.1,173.2,160.0,173.2,950.0,467.7,-208.0,192.0,1.0,-272.0,-224.0,1.0,-336.0,-480.0,1.0,1.0,1.0,2.0,0.0,0.0,0,0,0,0
73,0.2500,35,0.00,0.00,1.00,1200.0,467.5,135.8,103.9,96.0,103.9,113.2,86.6,80.0,121.2,113.1,173.2,160.0,173.2,950.0,467.7,-208.0,192.0,1.0,-272.0,-224.0,1.0,-336.0,-480.0,1.0,1.0,1.0,2.0,0.0,0.0,0,0,0,0
74,0.2500,35,0.00,0.00,1.00,1200.0,467.5,135.8,103.9,96.0,103.9,113.2,86.6,80.0,121.2,113.1,173.2,160.0,173.2,950.0,467.7,-208.0,192.0,1.0,-272.0,-224.0,1.0,-336.0,-480.0,1.0,1.0,1.0,2.0,0.0,0.0,0,0,0,0
75,0.2500,35,0.00,0.00,1.00,1200.0,467.5,135.8,103.9,96.0,103.9,113.2,86.6,80.0,121.2,113.1,173.2,160.0,173.2,950.0,467.7,-208.0,192.0,1.0,-272.0,-224.0,1.0,-336.0,-480.0,1.0,1.0,1.0,2.0,0.0,0.0,0,0,0,0
76,0.2500,35,0.00,0.00,1.00,1200.0,467.5,135.8,103.9,96.0,103.9,113.2,86.6,80.0,121.2,113.1,173.2,160.0,173.2,950.0,467.7,-208.0,192.0,1.0,-272.0,-224.0,1.0,-336.0,-480.0,1.0,1.0,1.0,2.0,0.0,0.0,0,0,0,0
77,0.2500,35,0.00,0.00,1.00,1200.0,467.5,135.8,103.9,96.0,103.9,113.2,86.6,80.0,121.2,113.1,173.2,160.0,173.2,950.0,467.7,-208.0,192.0,1.0,-272.0,-224.0,1.0,-336.0,-480.0,1.0,1.0,1.0,2.0,0.0,0.0,0,0,0,0
78,0.2500,35,0.00,0.00,1.00,1200.0,467.5,135.8,103.9,96.0,103.9,113.2,86.6,80.0,121.2,113.1,173.2,160.0,173.2,950.0,467.7,-208.0,192.0,1.0,-272.0,-224.0,1.0,-336.0,-480.0,1.0,1.0,1.0,2.0,0.0,0.0,0,0,0,0
79,0.2500,35,0.00,0.00,1.00,1200.0,467.5,135.8,103.9,96.0,103.9,113.2,86.6,80.0,121.2,113.1,173.2,160.0,173.2,950.0,467.7,-208.0,192.0,1.0,-272.0,-224.0,1.0,-336.0,-480.0,1.0,1.0,1.0,2.0,0.0,0.0,0,0,0,0
80,0.2500,35,0.00,0.00,1.00,1200.0,467.5,135.8,103.9,96.0,103.9,113.2,86.6,80.0,121.2,113.1,173.2,160.0,173.2,950.0,467.7,-208.0,192.0,1.0,-272.0,-224.0,1.0,-336.0,-480.0,1.0,1.0,1.0,2.0,0.0,0.0,0,0,0,0
81,0.2500,35,0.00,0.00,1.00,1200.0,467.5,135.8,103.9,96.0,103.9,113.2,86.6,80.0,121.2,113.1,173.2,160.0,173.2,950.0,467.7,-208.0,192.0,1.0,-272.0,-224.0,1.0,-336.0,-480.0,1.0,1.0,1.0,2.0,0.0,0.0,0,0,0,0
82,0.2500,35,0.00,0.00,1.00,1200.0,467.5,135.8,103.9,96.0,103.9,113.2,86.6,80.0,121.2,113.1,173.2,160.0,173.2,950.0,467.7,-208.0,192.0,1.0,-272.0,-224.0,1.0,-336.0,-480.0,1.0,1.0,1.0,2.0,0.0,0.0,0,0,0,0
83,0.2500,35,0.00,0.00,1.00,1200.0,467.5,135.8,103.9,96.0,103.9,113.2,86.6,80.0,121.2,113.1,173.2,160.0,173.2,950.0,467.7,-208.0,192.0,1.0,-272.0,-224.0,1.0,-336.0,-480.0,1.0,1.0,1.0,2.0,0.0,0.0,0,0,0,0
84,0.2500,35,0.00,0.00,1.00,1200.0,467.5,135.8,103.9,96.0,103.9,113.2,86.6,80.0,121.2,113.1,173.2,160.0,173.2,950.0,467.7,-208.0,192.0,1.0,-272.0,-224.0,1.0,-336.0,-480.0,1.0,1.0,1.0,2.0,0.0,0.0,0,0,0,0
85,0.2500,35,0.00,0.00,1.00,1200.0,467.5,135.8,103.9,96.0,103.9,113.2,86.6,80.0,121.2,113.1,173.2,160.0,173.2,950.0,467.7,-208.0,192.0,1.0,-272.0,-224.0,1.0,-336.0,-480.0,1.0,1.0,1.0,2.0,0.0,0.0,0,0,0,0
86,0.2500,35,0.00,0.00,1.00,1200.0,467.5,135.8,103.9,96.0,103.9,113.2,86.6,80.0,121.2,113.1,173.2,160.0,173.2,950.0,467.7,-208.0,192.0,1.0,-272.0,-224.0,1.0,-336.0,-480.0,1.0,1.0,1.0,2.0,0.0,0.0,0,0,0,0
87,0.2500,35,0.00,0.00,1.00,1200.0,467.5,135.8,103.9,96.0,103.9,113.2,86.6,80.0,121.2,113.1,173.2,160.0,173.2,950.0,467.7,-208.0,192.0,1.0,-272.0,-224.0,1.0,-336.0,-480.0,1.0,1.0,1.0,2.0,0.0,0.0,0,0,0,0
88,0.2500,35,0.00,0.00,1.00,1200.0,467.5,135.8,103.9,96.0,103.9,113.2,86.6,80.0,121.2,113.1,173.2,160.0,173.2,950.0,467.7,-208.0,192.0,1.0,-272.0,-224.0,1.0,-336.0,-480.0,1.0,1.0,1.0,2.0,0.0,0.0,0,0,0,0
89,0.2500,35,0.00,0.00,1.00,1200.0,467.5,135.8,103.9,96.0,103.9,113.2,86.6,80.0,121.2,113.1,173.2,160.0,173.2,950.0,467.7,-208.0,192.0,1.0,-272.0,-224.0,1.0,-336.0,-480.0,1.0,1.0,1.0,2.0,0.0,0.0,0,0,0,0
90,0.2500,35,0.00,0.00,1.00,1200.0,467.5,135.8,103.9,96.0,103.9,113.2,86.6,80.0,121.2,113.1,173.2,160.0,173.2,950.0,467.7,-208.0,192.0,1.0,-272.0,-224.0,1.0,-336.0,-480.0,1.0,1.0,1.0,2.0,0.0,0.0,0,0,0,0
91,0.2500,35,0.00,0.00,1.00,1200.0,467.5,135.8,103.9,96.0,103.9,113.2,86.6,80.0,121.2,113.1,173.2,160.0,173.2,950.0,467.7,-208.0,192.0,1.0,-272.0,-224.0,1.0,-336.0,-480.0,1.0,1.0,1.0,2.0,0.0,0.0,0,0,0,0
92,0.2500,35,0.00,0.00,1.00,1200.0,467.5,135.8,103.9,96.0,103.9,113.2,86.6,80.0,121.2,113.1,173.2,160.0,173.2,950.0,467.7,-208.0,192.0,1.0,-272.0,-224.0,1.0,-336.0,-480.0,1.0,1.0,1.0,2.0,0.0,0.0,0,0,0,0
93,0.2500,35,0.00,0.00,1.00,1200.0,467.5,135.8,103.9,96.0,103.9,113.2,86.6,80.0,121.2,113.1,173.2,160.0,173.2,950.0,467.7,-208.0,192.0,1.0,-272.0,-224.0,1.0,-336.0,-480.0,1.0,1.0,1.0,2.0,0.0,0.0,0,0,0,0
94,0.2500,35,0.00,0.00,1.00,1200.0,467.5,135.8,103.9,96.0,103.9,113.2,86.6,80.0,121.2,113.1,173.2,160.0,173.2,950.0,467.7,-208.0,192.0,1.0,-272.0,-224.0,1.0,-336.0,-480.0,1.0,1.0,1.0,2.0,0.0,0.0,0,0,0,0
95,0.2500,35,0.00,0.00,1.00,1200.0,467.5,135.8,103.9,96.0,103.9,113.2,86.6,80.0,121.2,113.1,173.2,160.0,173.2,950.0,467.7,-208.0,192.0,1.0,-272.0,-224.0,1.0,-336.0,-480.0,1.0,1.0,1.0,2.0,0.0,0.0,0,0,0,0
96,0.2500,35,0.00,0.00,1.00,1200.0,467.5,135.8,103.9,96.0,103.9,113.2,86.6,80.0,121.2,113.1,173.2,160.0,173.2,950.0,467.7,-208.0,192.0,1.0,-272.0,-224.0,1.0,-336.0,-480.0,1.0,1.0,1.0,2.0,0.0,0.0,0,0,0,0
97,0.2500,35,0.00,0.00,1.00,1200.0,467.5,135.8,103.9,96.0,103.9,113.2,86.6,80.0,121.2,113.1,173.2,160.0,173.2,950.0,467.7,-208.0,192.0,1.0,-272.0,-224.0,1.0,-336.0,-480.0,1.0,1.0,1.0,2.0,0.0,0.0,0,0,0,0
98,0.2500,35,0.00,0.00,1.00,1200.0,467.5,135.8,103.9,96.0,103.9,113.2,86.6,80.0,121.2,113.1,173.2,160.0,173.2,950.0,467.7,-208.0,192.0,1.0,-272.0,-224.0,1.0,-336.0,-480.0,1.0,1.0,1.0,2.0,0.0,0.0,0,0,0,0
99,0.2500,35,0.00,0.00,1.00,1200.0,467.5,135.8,103.9,96.0,103.9,113.2,86.6,80.0,121.2,113.1,173.2,160.0,173.2,950.0,467.7,-208.0,192.0,1.0,-272.0,-224.0,1.0,-336.0,-480.0,1.0,1.0,1.0,2.0,0.0,0.0,0,0,0,0
100,0.2500,35,0.00,0.00,1.00,1200.0,467.5,135.8,103.9,96.0,103.9,113.2,86.6,80.0,121.2,113.1,173.2,160.0,173.2,950.0,467.7,-208.0,192.0,1.0,-272.0,-224.0,1.0,-336.0,-480.0,1.0,1.0,1.0,2.0,0.0,0.0,0,0,0,0
101,0.2500,35,0.00,0.00,1.00,1200.0,467.5,135.8,103.9,96.0,103.9,113.2,86.6,80.0,121.2,113.1,173.2,160.0,173.2,950.0,467.7,-208.0,192.0,1.0,-272.0,-224.0,1.0,-336.0,-480.0,1.0,1.0,1.0,2.0,0.0,0.0,0,0,0,0
102,0.2500,35,0.00,0.00,1.00,1200.0,467.5,135.8,103.9,96.0,103.9,113.2,86.6,80.0,121.2,113.1,173.2,160.0,173.2,950.0,467.7,-208.0,192.0,1.0,-272.0,-224.0,1.0,-336.0,-480.0,1.0,1.0,1.0,2.0,0.0,0.0,0,0,0,0
103,0.2500,35,0.00,0.00,1.00,1200.0,467.5,135.8,103.9,96.0,103.9,113.2,86.6,80.0,121.2,113.1,173.2,160.0,173.2,950.0,467.7,-208.0,192.0,1.0,-272.0,-224.0,1.0,-336.0,-480.0,1.0,1.0,1.0,2.0,0.0,0.0,0,0,0,0
104,0.2500,35,0.00,0.00,1.00,1200.0,467.5,135.8,103.9,96.0,103.9,113.2,86.6,80.0,121.2,113.1,173.2,160.0,173.2,950.0,467.7,-208.0,192.0,1.0,-272.0,-224.0,1.0,-336.0,-480.0,1.0,1.0,1.0,2.0,0.0,0.0,0,0,0,0
105,0.2500,35,0.00,0.00,1.00,1200.0,467.5,135.8,103.9,96.0,103.9,113.2,86.6,80.0,121.2,113.1,173.2,160.0,173.2,950.0,467.7,-208.0,192.0,1.0,-272.0,-224.0,1.0,-336.0,-480.0,1.0,1.0,1.0,2.0,0.0,0.0,0,0,0,0
106,0.2500,35,0.00,0.00,1.00,1200.0,467.5,135.8,103.9,96.0,103.9,113.2,86.6,80.0,121.2,113.1,173.2,160.0,173.2,950.0,467.7,-208.0,192.0,1.0,-272.0,-224.0,1.0,-336.0,-480.0,1.0,1.0,1.0,2.0,0.0,0.0,0,0,0,0
107,0.2500,35,0.00,0.00,1.00,1200.0,467.5,135.8,103.9,96.0,103.9,113.2,86.6,80.0,121.2,113.1,173.2,160.0,173.2,950.0,467.7,-208.0,192.0,1.0,-272.0,-224.0,1.0,-336.0,-480.0,1.0,1.0,1.0,2.0,0.0,0.0,0,0,0,0
108,0.2500,35,0.00,0.00,1.00,1200.0,467.5,135.8,103.9,96.0,103.9,113.2,86.6,80.0,121.2,113.1,173.2,160.0,173.2,950.0,467.7,-208.0,192.0,1.0,-272.0,-224.0,1.0,-336.0,-480.0,1.0,1.0,1.0,2.0,0.0,0.0,0,0,0,0
109,0.2500,35,0.00,0.00,1.00,1200.0,467.5,135.8,103.9,96.0,103.9,113.2,86.6,80.0,121.2,113.1,173.2,160.0,173.2,950.0,467.7,-208.0,192.0,1.0,-272.0,-224.0,1.0,-336.0,-480.0,1.0,1.0,1.0,2.0,0.0,0.0,0,0,0,0
110,0.2500,35,0.00,0.00,1.00,1200.0,467.5,135.8,103.9,96.0,103.9,113.2,86.6,80.0,121.2,113.1,173.2,160.0,173.2,950.0,467.7,-208.0,192.0,1.0,-272.0,-224.0,1.0,-336.0,-480.0,1.0,1.0,1.0,2.0,0.0,0.0,0,0,0,0
111,0.2500,35,0.00,0.00,1.00,1200.0,467.5,135.8,103.9,96.0,103.9,113.2,86.6,80.0,121.2,113.1,173.2,160.0,173.2,950.0,467.7,-208.0,192.0,1.0,-272.0,-224.0,1.0,-336.0,-480.0,1.0,1.0,1.0,2.0,0.0,0.0,0,0,0,0
112,0.2500,35,0.00,0.00,1.00,1200.0,467.5,135.8,103.9,96.0,103.9,113.2,86.6,80.0,121.2,113.1,173.2,160.0,173.2,950.0,467.7,-208.0,192.0,1.0,-272.0,-224.0,1.0,-336.0,-480.0,1.0,1.0,1.0,2.0,0.0,0.0,0,0,0,0
113,0.2500,35,0.00,0.00,1.00,1200.0,467.5,135.8,103.9,96.0,103.9,113.2,86.6,80.0,121.2,113.1,173.2,160.0,173.2,950.0,467.7,-208.0,192.0,1.0,-272.0,-224.0,1.0,-336.0,-480.0,1.0,1.0,1.0,2.0,0.0,0.0,0,0,0,0
114,0.2500,35,0.00,0.00,1.00,1200.0,467.5,135.8,103.9,96.0,103.9,113.2,86.6,80.0,121.2,113.1,173.2,160.0,173.2,950.0,467.7,-208.0,192.0,1.0,-272.0,-224.0,1.0,-336.0,-480.0,1.0,1.0,1.0,2.0,0.0,0.0,0,0,0,0
115,0.2500,35,0.00,0.00,1.00,1200.0,467.5,135.8,103.9,96.0,103.9,113.2,86.6,80.0,121.2,113.1,173.2,160.0,173.2,950.0,467.7,-208.0,192.0,1.0,-272.0,-224.0,1.0,-336.0,-480.0,1.0,1.0,1.0,2.0,0.0,0.0,0,0,0,0
116,0.2500,35,0.00,0.00,1.00,1200.0,467.5,135.8,103.9,96.0,103.9,113.2,86.6,80.0,121.2,113.1,173.2,160.0,173.2,950.0,467.7,-208.0,192.0,1.0,-272.0,-224.0,1.0,-336.0,-480.0,1.0,1.0,1.0,2.0,0.0,0.0,0,0,0,0
117,0.2500,35,0.00,0.00,1.00,1200.0,467.5,135.8,103.9,96.0,103.9,113.2,86.6,80.0,121.2,113.1,173.2,160.0,173.2,950.0,467.7,-208.0,192.0,1.0,-272.0,-224.0,1.0,-336.0,-480.0,1.0,1.0,1.0,2.0,0.0,0.0,0,0,0,0
118,0.2500,35,0.00,0.00,1.00,1200.0,467.5,135.8,103.9,96.0,103.9,113.2,86.6,80.0,121.2,113.1,173.2,160.0,173.2,950.0,467.7,-208.0,192.0,1.0,-272.0,-224.0,1.0,-336.0,-480.0,1.0,1.0,1.0,2.0,0.0,0.0,0,0,0,0
119,0.2500,35,0.00,0.00,1.00,1200.0,467.5,135.8,103.9,96.0,103.9,113.2,86.6,80.0,121.2,113.1,173.2,160.0,173.2,950.0,467.7,-208.0,192.0,1.0,-272.0,-224.0,1.0,-336.0,-480.0,1.0,1.0,1.0,2.0,0.0,0.0,0,0,0,0
120,0.2500,35,0.00,0.00,1.00,1200.0,467.5,135.8,103.9,96.0,103.9,113.2,86.6,80.0,121.2,113.1,173.2,160.0,173.2,950.0,467.7,-208.0,192.0,1.0,-272.0,-224.0,1.0,-336.0,-480.0,1.0,1.0,1.0,2.0,0.0,0.0,0,0,0,0
121,0.2500,35,0.00,0.00,1.00,1200.0,467.5,135.8,103.9,96.0,103.9,113.2,86.6,80.0,121.2,113.1,173.2,160.0,173.2,950.0,467.7,-208.0,192.0,1.0,-272.0,-224.0,1.0,-336.0,-480.0,1.0,1.0,1.0,2.0,0.0,0.0,0,0,0,0
122,0.2500,35,0.00,0.00,1.00,1200.0,467.5,135.8,103.9,96.0,103.9,113.2,86.6,80.0,121.2,113.1,173.2,160.0,173.2,950.0,467.7,-208.0,192.0,1.0,-272.0,-224.0,1.0,-336.0,-480.0,1.0,1.0,1.0,2.0,0.0,0.0,0,0,0,0
123,0.2500,35,0.00,0.00,1.00,1200.0,467.5,135.8,103.9,96.0,103.9,113.2,86.6,80.0,121.2,113.1,173.2,160.0,173.2,950.0,467.7,-208.0,192.0,1.0,-272.0,-224.0,1.0,-336.0,-480.0,1.0,1.0,1.0,2.0,0.0,0.0,0,0,0,0
124,0.2500,35,0.00,0.00,1.00,1200.0,467.5,135.8,103.9,96.0,103.9,113.2,86.6,80.0,121.2,113.1,173.2,160.0,173.2,950.0,467.7,-208.0,192.0,1.0,-272.0,-224.0,1.0,-336.0,-480.0,1.0,1.0,1.0,2.0,0.0,0.0,0,0,0,0
125,0.2500,35,0.00,0.00,1.00,1200.0,467.5,135.8,103.9,96.0,103.9,113.2,86.6,80.0,121.2,113.1,173.2,160.0,173.2,950.0,467.7,-208.0,192.0,1.0,-272.0,-224.0,1.0,-336.0,-480.0,1.0,1.0,1.0,2.0,0.0,0.0,0,0,0,0
